{
  "name": "workspace",
  "version": "1.0.0",
  "lockfileVersion": 3,
  "requires": true,
  "packages": {
    "": {
      "name": "workspace",
      "version": "1.0.0",
      "license": "ISC",
      "dependencies": {
        "@types/react-router-dom": "^5.3.3",
        "autoprefixer": "^10.4.21",
        "lucide-react": "^0.544.0",
        "postcss": "^8.5.6",
        "react-router-dom": "^7.9.1",
        "tailwindcss": "^4.1.13"
      }
    },
    "node_modules/@types/history": {
      "version": "4.7.11",
      "resolved": "https://registry.npmjs.org/@types/history/-/history-4.7.11.tgz",
      "integrity": "sha512-qjDJRrmvBMiTx+jyLxvLfJU7UznFuokDv4f3WRuriHKERccVpFU+8XMQUAbDzoiJCsmexxRExQeMwwCdamSKDA==",
      "license": "MIT"
    },
    "node_modules/@types/react": {
      "version": "19.1.13",
      "resolved": "https://registry.npmjs.org/@types/react/-/react-19.1.13.tgz",
      "integrity": "sha512-hHkbU/eoO3EG5/MZkuFSKmYqPbSVk5byPFa3e7y/8TybHiLMACgI8seVYlicwk7H5K/rI2px9xrQp/C+AUDTiQ==",
      "license": "MIT",
      "dependencies": {
        "csstype": "^3.0.2"
      }
    },
    "node_modules/@types/react-router": {
      "version": "5.1.20",
      "resolved": "https://registry.npmjs.org/@types/react-router/-/react-router-5.1.20.tgz",
      "integrity": "sha512-jGjmu/ZqS7FjSH6owMcD5qpq19+1RS9DeVRqfl1FeBMxTDQAGwlMWOcs52NDoXaNKyG3d1cYQFMs9rCrb88o9Q==",
      "license": "MIT",
      "dependencies": {
        "@types/history": "^4.7.11",
        "@types/react": "*"
      }
    },
    "node_modules/@types/react-router-dom": {
      "version": "5.3.3",
      "resolved": "https://registry.npmjs.org/@types/react-router-dom/-/react-router-dom-5.3.3.tgz",
      "integrity": "sha512-kpqnYK4wcdm5UaWI3fLcELopqLrHgLqNsdpHauzlQktfkHL3npOSwtj1Uz9oKBAzs7lFtVkV8j83voAz2D8fhw==",
      "license": "MIT",
      "dependencies": {
        "@types/history": "^4.7.11",
        "@types/react": "*",
        "@types/react-router": "*"
      }
    },
    "node_modules/autoprefixer": {
      "version": "10.4.21",
      "resolved": "https://registry.npmjs.org/autoprefixer/-/autoprefixer-10.4.21.tgz",
      "integrity": "sha512-O+A6LWV5LDHSJD3LjHYoNi4VLsj/Whi7k6zG12xTYaU4cQ8oxQGckXNX8cRHK5yOZ/ppVHe0ZBXGzSV9jXdVbQ==",
      "funding": [
        {
          "type": "opencollective",
          "url": "https://opencollective.com/postcss/"
        },
        {
          "type": "tidelift",
          "url": "https://tidelift.com/funding/github/npm/autoprefixer"
        },
        {
          "type": "github",
          "url": "https://github.com/sponsors/ai"
        }
      ],
      "license": "MIT",
      "dependencies": {
        "browserslist": "^4.24.4",
        "caniuse-lite": "^1.0.30001702",
        "fraction.js": "^4.3.7",
        "normalize-range": "^0.1.2",
        "picocolors": "^1.1.1",
        "postcss-value-parser": "^4.2.0"
      },
      "bin": {
        "autoprefixer": "bin/autoprefixer"
      },
      "engines": {
        "node": "^10 || ^12 || >=14"
      },
      "peerDependencies": {
        "postcss": "^8.1.0"
      }
    },
    "node_modules/baseline-browser-mapping": {
      "version": "2.8.6",
      "resolved": "https://registry.npmjs.org/baseline-browser-mapping/-/baseline-browser-mapping-2.8.6.tgz",
      "integrity": "sha512-wrH5NNqren/QMtKUEEJf7z86YjfqW/2uw3IL3/xpqZUC95SSVIFXYQeeGjL6FT/X68IROu6RMehZQS5foy2BXw==",
      "license": "Apache-2.0",
      "bin": {
        "baseline-browser-mapping": "dist/cli.js"
      }
    },
    "node_modules/browserslist": {
      "version": "4.26.2",
      "resolved": "https://registry.npmjs.org/browserslist/-/browserslist-4.26.2.tgz",
      "integrity": "sha512-ECFzp6uFOSB+dcZ5BK/IBaGWssbSYBHvuMeMt3MMFyhI0Z8SqGgEkBLARgpRH3hutIgPVsALcMwbDrJqPxQ65A==",
      "funding": [
        {
          "type": "opencollective",
          "url": "https://opencollective.com/browserslist"
        },
        {
          "type": "tidelift",
          "url": "https://tidelift.com/funding/github/npm/browserslist"
        },
        {
          "type": "github",
          "url": "https://github.com/sponsors/ai"
        }
      ],
      "license": "MIT",
      "dependencies": {
        "baseline-browser-mapping": "^2.8.3",
        "caniuse-lite": "^1.0.30001741",
        "electron-to-chromium": "^1.5.218",
        "node-releases": "^2.0.21",
        "update-browserslist-db": "^1.1.3"
      },
      "bin": {
        "browserslist": "cli.js"
      },
      "engines": {
        "node": "^6 || ^7 || ^8 || ^9 || ^10 || ^11 || ^12 || >=13.7"
      }
    },
    "node_modules/caniuse-lite": {
      "version": "1.0.30001743",
      "resolved": "https://registry.npmjs.org/caniuse-lite/-/caniuse-lite-1.0.30001743.tgz",
      "integrity": "sha512-e6Ojr7RV14Un7dz6ASD0aZDmQPT/A+eZU+nuTNfjqmRrmkmQlnTNWH0SKmqagx9PeW87UVqapSurtAXifmtdmw==",
      "funding": [
        {
          "type": "opencollective",
          "url": "https://opencollective.com/browserslist"
        },
        {
          "type": "tidelift",
          "url": "https://tidelift.com/funding/github/npm/caniuse-lite"
        },
        {
          "type": "github",
          "url": "https://github.com/sponsors/ai"
        }
      ],
      "license": "CC-BY-4.0"
    },
    "node_modules/cookie": {
      "version": "1.0.2",
      "resolved": "https://registry.npmjs.org/cookie/-/cookie-1.0.2.tgz",
      "integrity": "sha512-9Kr/j4O16ISv8zBBhJoi4bXOYNTkFLOqSL3UDB0njXxCXNezjeyVrJyGOWtgfs/q2km1gwBcfH8q1yEGoMYunA==",
      "license": "MIT",
      "engines": {
        "node": ">=18"
      }
    },
    "node_modules/csstype": {
      "version": "3.1.3",
      "resolved": "https://registry.npmjs.org/csstype/-/csstype-3.1.3.tgz",
      "integrity": "sha512-M1uQkMl8rQK/szD0LNhtqxIPLpimGm8sOBwU7lLnCpSbTyY3yeU1Vc7l4KT5zT4s/yOxHH5O7tIuuLOCnLADRw==",
      "license": "MIT"
    },
    "node_modules/electron-to-chromium": {
      "version": "1.5.223",
      "resolved": "https://registry.npmjs.org/electron-to-chromium/-/electron-to-chromium-1.5.223.tgz",
      "integrity": "sha512-qKm55ic6nbEmagFlTFczML33rF90aU+WtrJ9MdTCThrcvDNdUHN4p6QfVN78U06ZmguqXIyMPyYhw2TrbDUwPQ==",
      "license": "ISC"
    },
    "node_modules/escalade": {
      "version": "3.2.0",
      "resolved": "https://registry.npmjs.org/escalade/-/escalade-3.2.0.tgz",
      "integrity": "sha512-WUj2qlxaQtO4g6Pq5c29GTcWGDyd8itL8zTlipgECz3JesAiiOKotd8JU6otB3PACgG6xkJUyVhboMS+bje/jA==",
      "license": "MIT",
      "engines": {
        "node": ">=6"
      }
    },
    "node_modules/fraction.js": {
      "version": "4.3.7",
      "resolved": "https://registry.npmjs.org/fraction.js/-/fraction.js-4.3.7.tgz",
      "integrity": "sha512-ZsDfxO51wGAXREY55a7la9LScWpwv9RxIrYABrlvOFBlH/ShPnrtsXeuUIfXKKOVicNxQ+o8JTbJvjS4M89yew==",
      "license": "MIT",
      "engines": {
        "node": "*"
      },
      "funding": {
        "type": "patreon",
        "url": "https://github.com/sponsors/rawify"
      }
    },
    "node_modules/lucide-react": {
      "version": "0.544.0",
      "resolved": "https://registry.npmjs.org/lucide-react/-/lucide-react-0.544.0.tgz",
      "integrity": "sha512-t5tS44bqd825zAW45UQxpG2CvcC4urOwn2TrwSH8u+MjeE+1NnWl6QqeQ/6NdjMqdOygyiT9p3Ev0p1NJykxjw==",
      "license": "ISC",
      "peerDependencies": {
        "react": "^16.5.1 || ^17.0.0 || ^18.0.0 || ^19.0.0"
      }
    },
    "node_modules/nanoid": {
      "version": "3.3.11",
      "resolved": "https://registry.npmjs.org/nanoid/-/nanoid-3.3.11.tgz",
      "integrity": "sha512-N8SpfPUnUp1bK+PMYW8qSWdl9U+wwNWI4QKxOYDy9JAro3WMX7p2OeVRF9v+347pnakNevPmiHhNmZ2HbFA76w==",
      "funding": [
        {
          "type": "github",
          "url": "https://github.com/sponsors/ai"
        }
      ],
      "license": "MIT",
      "bin": {
        "nanoid": "bin/nanoid.cjs"
      },
      "engines": {
        "node": "^10 || ^12 || ^13.7 || ^14 || >=15.0.1"
      }
    },
    "node_modules/node-releases": {
      "version": "2.0.21",
      "resolved": "https://registry.npmjs.org/node-releases/-/node-releases-2.0.21.tgz",
      "integrity": "sha512-5b0pgg78U3hwXkCM8Z9b2FJdPZlr9Psr9V2gQPESdGHqbntyFJKFW4r5TeWGFzafGY3hzs1JC62VEQMbl1JFkw==",
      "license": "MIT"
    },
    "node_modules/normalize-range": {
      "version": "0.1.2",
      "resolved": "https://registry.npmjs.org/normalize-range/-/normalize-range-0.1.2.tgz",
      "integrity": "sha512-bdok/XvKII3nUpklnV6P2hxtMNrCboOjAcyBuQnWEhO665FwrSNRxU+AqpsyvO6LgGYPspN+lu5CLtw4jPRKNA==",
      "license": "MIT",
      "engines": {
        "node": ">=0.10.0"
      }
    },
    "node_modules/picocolors": {
      "version": "1.1.1",
      "resolved": "https://registry.npmjs.org/picocolors/-/picocolors-1.1.1.tgz",
      "integrity": "sha512-xceH2snhtb5M9liqDsmEw56le376mTZkEX/jEb/RxNFyegNul7eNslCXP9FDj/Lcu0X8KEyMceP2ntpaHrDEVA==",
      "license": "ISC"
    },
    "node_modules/postcss": {
      "version": "8.5.6",
      "resolved": "https://registry.npmjs.org/postcss/-/postcss-8.5.6.tgz",
      "integrity": "sha512-3Ybi1tAuwAP9s0r1UQ2J4n5Y0G05bJkpUIO0/bI9MhwmD70S5aTWbXGBwxHrelT+XM1k6dM0pk+SwNkpTRN7Pg==",
      "funding": [
        {
          "type": "opencollective",
          "url": "https://opencollective.com/postcss/"
        },
        {
          "type": "tidelift",
          "url": "https://tidelift.com/funding/github/npm/postcss"
        },
        {
          "type": "github",
          "url": "https://github.com/sponsors/ai"
        }
      ],
      "license": "MIT",
      "dependencies": {
        "nanoid": "^3.3.11",
        "picocolors": "^1.1.1",
        "source-map-js": "^1.2.1"
      },
      "engines": {
        "node": "^10 || ^12 || >=14"
      }
    },
    "node_modules/postcss-value-parser": {
      "version": "4.2.0",
      "resolved": "https://registry.npmjs.org/postcss-value-parser/-/postcss-value-parser-4.2.0.tgz",
      "integrity": "sha512-1NNCs6uurfkVbeXG4S8JFT9t19m45ICnif8zWLd5oPSZ50QnwMfK+H3jv408d4jw/7Bttv5axS5IiHoLaVNHeQ==",
      "license": "MIT"
    },
    "node_modules/react": {
      "version": "19.1.1",
      "resolved": "https://registry.npmjs.org/react/-/react-19.1.1.tgz",
      "integrity": "sha512-w8nqGImo45dmMIfljjMwOGtbmC/mk4CMYhWIicdSflH91J9TyCyczcPFXJzrZ/ZXcgGRFeP6BU0BEJTw6tZdfQ==",
      "license": "MIT",
      "peer": true,
      "engines": {
        "node": ">=0.10.0"
      }
    },
    "node_modules/react-dom": {
      "version": "19.1.1",
      "resolved": "https://registry.npmjs.org/react-dom/-/react-dom-19.1.1.tgz",
      "integrity": "sha512-Dlq/5LAZgF0Gaz6yiqZCf6VCcZs1ghAJyrsu84Q/GT0gV+mCxbfmKNoGRKBYMJ8IEdGPqu49YWXD02GCknEDkw==",
      "license": "MIT",
      "peer": true,
      "dependencies": {
        "scheduler": "^0.26.0"
      },
      "peerDependencies": {
        "react": "^19.1.1"
      }
    },
    "node_modules/react-router": {
      "version": "7.9.1",
      "resolved": "https://registry.npmjs.org/react-router/-/react-router-7.9.1.tgz",
      "integrity": "sha512-pfAByjcTpX55mqSDGwGnY9vDCpxqBLASg0BMNAuMmpSGESo/TaOUG6BllhAtAkCGx8Rnohik/XtaqiYUJtgW2g==",
      "license": "MIT",
      "dependencies": {
        "cookie": "^1.0.1",
        "set-cookie-parser": "^2.6.0"
      },
      "engines": {
        "node": ">=20.0.0"
      },
      "peerDependencies": {
        "react": ">=18",
        "react-dom": ">=18"
      },
      "peerDependenciesMeta": {
        "react-dom": {
          "optional": true
        }
      }
    },
    "node_modules/react-router-dom": {
      "version": "7.9.1",
      "resolved": "https://registry.npmjs.org/react-router-dom/-/react-router-dom-7.9.1.tgz",
      "integrity": "sha512-U9WBQssBE9B1vmRjo9qTM7YRzfZ3lUxESIZnsf4VjR/lXYz9MHjvOxHzr/aUm4efpktbVOrF09rL/y4VHa8RMw==",
      "license": "MIT",
      "dependencies": {
        "react-router": "7.9.1"
      },
      "engines": {
        "node": ">=20.0.0"
      },
      "peerDependencies": {
        "react": ">=18",
        "react-dom": ">=18"
      }
    },
    "node_modules/scheduler": {
      "version": "0.26.0",
      "resolved": "https://registry.npmjs.org/scheduler/-/scheduler-0.26.0.tgz",
      "integrity": "sha512-NlHwttCI/l5gCPR3D1nNXtWABUmBwvZpEQiD4IXSbIDq8BzLIK/7Ir5gTFSGZDUu37K5cMNp0hFtzO38sC7gWA==",
      "license": "MIT",
      "peer": true
    },
    "node_modules/set-cookie-parser": {
      "version": "2.7.1",
      "resolved": "https://registry.npmjs.org/set-cookie-parser/-/set-cookie-parser-2.7.1.tgz",
      "integrity": "sha512-IOc8uWeOZgnb3ptbCURJWNjWUPcO3ZnTTdzsurqERrP6nPyv+paC55vJM0LpOlT2ne+Ix+9+CRG1MNLlyZ4GjQ==",
      "license": "MIT"
    },
    "node_modules/source-map-js": {
      "version": "1.2.1",
      "resolved": "https://registry.npmjs.org/source-map-js/-/source-map-js-1.2.1.tgz",
      "integrity": "sha512-UXWMKhLOwVKb728IUtQPXxfYU+usdybtUrK/8uGE8CQMvrhOpwvzDBwj0QhSL7MQc7vIsISBG8VQ8+IDQxpfQA==",
      "license": "BSD-3-Clause",
      "engines": {
        "node": ">=0.10.0"
      }
    },
    "node_modules/tailwindcss": {
      "version": "4.1.13",
      "resolved": "https://registry.npmjs.org/tailwindcss/-/tailwindcss-4.1.13.tgz",
      "integrity": "sha512-i+zidfmTqtwquj4hMEwdjshYYgMbOrPzb9a0M3ZgNa0JMoZeFC6bxZvO8yr8ozS6ix2SDz0+mvryPeBs2TFE+w==",
      "license": "MIT"
    },
    "node_modules/update-browserslist-db": {
      "version": "1.1.3",
      "resolved": "https://registry.npmjs.org/update-browserslist-db/-/update-browserslist-db-1.1.3.tgz",
      "integrity": "sha512-UxhIZQ+QInVdunkDAaiazvvT/+fXL5Osr0JZlJulepYu6Jd7qJtDZjlur0emRlT71EN3ScPoE7gvsuIKKNavKw==",
      "funding": [
        {
          "type": "opencollective",
          "url": "https://opencollective.com/browserslist"
        },
        {
          "type": "tidelift",
          "url": "https://tidelift.com/funding/github/npm/browserslist"
        },
        {
          "type": "github",
          "url": "https://github.com/sponsors/ai"
        }
      ],
      "license": "MIT",
      "dependencies": {
        "escalade": "^3.2.0",
        "picocolors": "^1.1.1"
      },
      "bin": {
        "update-browserslist-db": "cli.js"
      },
      "peerDependencies": {
        "browserslist": ">= 4.21.0"
      }
    }
  }
}
